DATE,THREEFY10
2012-01-03,2.0014
2012-01-04,2.0276
2012-01-05,2.0407
2012-01-06,2.0261
2012-01-09,2.0142
2012-01-10,2.0269
2012-01-11,1.9848
2012-01-12,1.9853
2012-01-13,1.9480
2012-01-16,.
2012-01-17,1.9229
2012-01-18,1.9447
2012-01-19,2.0081
2012-01-20,2.0617
2012-01-23,2.1032
2012-01-24,2.1122
2012-01-25,2.0534
2012-01-26,2.0024
2012-01-27,1.9661
2012-01-30,1.9203
2012-01-31,1.8780
2012-02-01,1.8846
2012-02-02,1.8701
2012-02-03,1.9343
2012-02-06,1.9276
2012-02-07,1.9810
2012-02-08,1.9989
2012-02-09,2.0336
2012-02-10,1.9940
2012-02-13,2.0111
2012-02-14,1.9722
2012-02-15,1.9579
2012-02-16,2.0014
2012-02-17,2.0272
2012-02-20,.
2012-02-21,2.0653
2012-02-22,2.0426
2012-02-23,2.0312
2012-02-24,2.0230
2012-02-27,1.9770
2012-02-28,1.9688
2012-02-29,1.9911
2012-03-01,2.0313
2012-03-02,2.0105
2012-03-05,2.0235
2012-03-06,1.9895
2012-03-07,2.0009
2012-03-08,2.0335
2012-03-09,2.0540
2012-03-12,2.0621
2012-03-13,2.1321
2012-03-14,2.2701
2012-03-15,2.3031
2012-03-16,2.3356
2012-03-19,2.4076
2012-03-20,2.4347
2012-03-21,2.3920
2012-03-22,2.3729
2012-03-23,2.3391
2012-03-26,2.3255
2012-03-27,2.2769
2012-03-28,2.2731
2012-03-29,2.2424
2012-03-30,2.2698
2012-04-02,2.2664
2012-04-03,2.3260
2012-04-04,2.2988
2012-04-05,2.2550
2012-04-06,2.1459
2012-04-09,2.1076
2012-04-10,2.0508
2012-04-11,2.0616
2012-04-12,2.0835
2012-04-13,2.0489
2012-04-16,2.0282
2012-04-17,2.0410
2012-04-18,2.0295
2012-04-19,2.0095
2012-04-20,2.0121
2012-04-23,1.9867
2012-04-24,2.0050
2012-04-25,2.0126
2012-04-26,1.9996
2012-04-27,1.9820
2012-04-30,1.9722
2012-05-01,1.9885
2012-05-02,1.9713
2012-05-03,1.9704
2012-05-04,1.9319
2012-05-07,1.9235
2012-05-08,1.8978
2012-05-09,1.8836
2012-05-10,1.8901
2012-05-11,1.8642
2012-05-14,1.8198
2012-05-15,1.7947
2012-05-16,1.7820
2012-05-17,1.7455
2012-05-18,1.7386
2012-05-21,1.7425
2012-05-22,1.7667
2012-05-23,1.7380
2012-05-24,1.7631
2012-05-25,1.7519
2012-05-28,.
2012-05-29,1.7438
2012-05-30,1.6644
2012-05-31,1.6172
2012-06-01,1.5263
2012-06-04,1.5420
2012-06-05,1.5653
2012-06-06,1.6303
2012-06-07,1.6424
2012-06-08,1.6460
2012-06-11,1.6142
2012-06-12,1.6604
2012-06-13,1.6240
2012-06-14,1.6414
2012-06-15,1.6114
2012-06-18,1.6028
2012-06-19,1.6242
2012-06-20,1.6512
2012-06-21,1.6446
2012-06-22,1.6765
2012-06-25,1.6469
2012-06-26,1.6585
2012-06-27,1.6488
2012-06-28,1.6120
2012-06-29,1.6416
2012-07-02,1.6013
2012-07-03,1.6191
2012-07-04,.
2012-07-05,1.6041
2012-07-06,1.5699
2012-07-09,1.5386
2012-07-10,1.5226
2012-07-11,1.5259
2012-07-12,1.5065
2012-07-13,1.5083
2012-07-16,1.4902
2012-07-17,1.5039
2012-07-18,1.5006
2012-07-19,1.5162
2012-07-20,1.4898
2012-07-23,1.4682
2012-07-24,1.4453
2012-07-25,1.4345
2012-07-26,1.4497
2012-07-27,1.5317
2012-07-30,1.5224
2012-07-31,1.5084
2012-08-01,1.5457
2012-08-02,1.5231
2012-08-03,1.5789
2012-08-06,1.5871
2012-08-07,1.6443
2012-08-08,1.6733
2012-08-09,1.6888
2012-08-10,1.6714
2012-08-13,1.6666
2012-08-14,1.7155
2012-08-15,1.7797
2012-08-16,1.8257
2012-08-17,1.8320
2012-08-20,1.8342
2012-08-21,1.8278
2012-08-22,1.7569
2012-08-23,1.7177
2012-08-24,1.7119
2012-08-27,1.6847
2012-08-28,1.6667
2012-08-29,1.6684
2012-08-30,1.6456
2012-08-31,1.5872
2012-09-03,.
2012-09-04,1.5879
2012-09-05,1.5931
2012-09-06,1.6478
2012-09-07,1.6486
2012-09-10,1.6598
2012-09-11,1.6742
2012-09-12,1.7194
2012-09-13,1.7118
2012-09-14,1.7971
2012-09-17,1.8119
2012-09-18,1.8007
2012-09-19,1.7851
2012-09-20,1.7830
2012-09-21,1.7608
2012-09-24,1.7348
2012-09-25,1.6987
2012-09-26,1.6431
2012-09-27,1.6371
2012-09-28,1.6234
2012-10-01,1.6155
2012-10-02,1.6100
2012-10-03,1.6021
2012-10-04,1.6344
2012-10-05,1.6854
2012-10-08,.
2012-10-09,1.6927
2012-10-10,1.6799
2012-10-11,1.6701
2012-10-12,1.6632
2012-10-15,1.6621
2012-10-16,1.6974
2012-10-17,1.7736
2012-10-18,1.8154
2012-10-19,1.7936
2012-10-22,1.8137
2012-10-23,1.7905
2012-10-24,1.7875
2012-10-25,1.8329
2012-10-26,1.7967
2012-10-29,1.7566
2012-10-30,.
2012-10-31,1.7263
2012-11-01,1.7330
2012-11-02,1.7348
2012-11-05,1.7110
2012-11-06,1.7478
2012-11-07,1.6801
2012-11-08,1.6276
2012-11-09,1.6105
2012-11-12,.
2012-11-13,1.5848
2012-11-14,1.5775
2012-11-15,1.5654
2012-11-16,1.5591
2012-11-19,1.5794
2012-11-20,1.6188
2012-11-21,1.6498
2012-11-22,.
2012-11-23,1.6685
2012-11-26,1.6511
2012-11-27,1.6315
2012-11-28,1.6109
2012-11-29,1.5978
2012-11-30,1.5902
2012-12-03,1.5960
2012-12-04,1.5902
2012-12-05,1.5757
2012-12-06,1.5618
2012-12-07,1.5856
2012-12-10,1.5894
2012-12-11,1.6084
2012-12-12,1.6455
2012-12-13,1.6846
2012-12-14,1.6904
2012-12-17,1.7356
2012-12-18,1.7872
2012-12-19,1.7938
2012-12-20,1.7950
2012-12-21,1.7744
2012-12-24,1.7788
2012-12-25,.
2012-12-26,1.7683
2012-12-27,1.7332
2012-12-28,1.7166
2012-12-31,1.7384
2013-01-01,.
2013-01-02,1.7952
2013-01-03,1.8593
2013-01-04,1.8905
2013-01-07,1.8979
2013-01-08,1.8782
2013-01-09,1.8644
2013-01-10,1.8867
2013-01-11,1.8810
2013-01-14,1.8757
2013-01-15,1.8535
2013-01-16,1.8367
2013-01-17,1.8702
2013-01-18,1.8626
2013-01-21,.
2013-01-22,1.8511
2013-01-23,1.8441
2013-01-24,1.8572
2013-01-25,1.9380
2013-01-28,1.9752
2013-01-29,1.9998
2013-01-30,2.0032
2013-01-31,2.0049
2013-02-01,2.0219
2013-02-04,1.9975
2013-02-05,2.0198
2013-02-06,1.9984
2013-02-07,1.9821
2013-02-08,1.9828
2013-02-11,1.9874
2013-02-12,2.0090
2013-02-13,2.0474
2013-02-14,2.0184
2013-02-15,2.0173
2013-02-18,.
2013-02-19,2.0350
2013-02-20,2.0269
2013-02-21,2.0068
2013-02-22,1.9893
2013-02-25,1.9245
2013-02-26,1.9014
2013-02-27,1.9054
2013-02-28,1.8928
2013-03-01,1.8687
2013-03-04,1.8741
2013-03-05,1.8882
2013-03-06,1.9227
2013-03-07,1.9738
2013-03-08,2.0375
2013-03-11,2.0599
2013-03-12,2.0477
2013-03-13,2.0480
2013-03-14,2.0518
2013-03-15,2.0219
2013-03-18,1.9805
2013-03-19,1.9406
2013-03-20,1.9553
2013-03-21,1.9480
2013-03-22,1.9351
2013-03-25,1.9259
2013-03-26,1.9144
2013-03-27,1.8738
2013-03-28,1.8657
2013-03-29,.
2013-04-01,1.8520
2013-04-02,1.8653
2013-04-03,1.8279
2013-04-04,1.7832
2013-04-05,1.7387
2013-04-08,1.7447
2013-04-09,1.7485
2013-04-10,1.7864
2013-04-11,1.7858
2013-04-12,1.7436
2013-04-15,1.7161
2013-04-16,1.7269
2013-04-17,1.7178
2013-04-18,1.7075
2013-04-19,1.7112
2013-04-22,1.7040
2013-04-23,1.7087
2013-04-24,1.7045
2013-04-25,1.7122
2013-04-26,1.6868
2013-04-29,1.6759
2013-04-30,1.6765
2013-05-01,1.6497
2013-05-02,1.6405
2013-05-03,1.7172
2013-05-06,1.7554
2013-05-07,1.7820
2013-05-08,1.7833
2013-05-09,1.7851
2013-05-10,1.8488
2013-05-13,1.8840
2013-05-14,1.9215
2013-05-15,1.9279
2013-05-16,1.8831
2013-05-17,1.9250
2013-05-20,1.9473
2013-05-21,1.9383
2013-05-22,1.9997
2013-05-23,2.0223
2013-05-24,2.0242
2013-05-27,.
2013-05-28,2.1278
2013-05-29,2.1437
2013-05-30,2.1502
2013-05-31,2.1816
2013-06-03,2.1740
2013-06-04,2.1884
2013-06-05,2.1675
2013-06-06,2.1480
2013-06-07,2.2097
2013-06-10,2.2570
2013-06-11,2.2624
2013-06-12,2.2922
2013-06-13,2.2660
2013-06-14,2.2140
2013-06-17,2.2321
2013-06-18,2.2431
2013-06-19,2.3612
2013-06-20,2.4561
2013-06-21,2.5687
2013-06-24,2.6475
2013-06-25,2.6850
2013-06-26,2.6650
2013-06-27,2.6138
2013-06-28,2.6282
2013-07-01,2.6166
2013-07-02,2.6067
2013-07-03,2.6356
2013-07-04,.
2013-07-05,2.8007
2013-07-08,2.7869
2013-07-09,2.7834
2013-07-10,2.8148
2013-07-11,2.7418
2013-07-12,2.7354
2013-07-15,2.7051
2013-07-16,2.6817
2013-07-17,2.6469
2013-07-18,2.6644
2013-07-19,2.6338
2013-07-22,2.6229
2013-07-23,2.6344
2013-07-24,2.6951
2013-07-25,2.7094
2013-07-26,2.6981
2013-07-29,2.7161
2013-07-30,2.7339
2013-07-31,2.7303
2013-08-01,2.8313
2013-08-02,2.7725
2013-08-05,2.7822
2013-08-06,2.7889
2013-08-07,2.7617
2013-08-08,2.7410
2013-08-09,2.7305
2013-08-12,2.7464
2013-08-13,2.8305
2013-08-14,2.8523
2013-08-15,2.9017
2013-08-16,2.9693
2013-08-19,3.0200
2013-08-20,2.9945
2013-08-21,3.0381
2013-08-22,3.0819
2013-08-23,3.0437
2013-08-26,3.0023
2013-08-27,2.9359
2013-08-28,2.9603
2013-08-29,2.9423
2013-08-30,2.9615
2013-09-02,.
2013-09-03,3.0192
2013-09-04,3.0689
2013-09-05,3.1526
2013-09-06,3.1268
2013-09-09,3.0909
2013-09-10,3.1268
2013-09-11,3.0959
2013-09-12,3.0873
2013-09-13,3.0756
2013-09-16,3.0466
2013-09-17,3.0232
2013-09-18,2.8848
2013-09-19,2.8954
2013-09-20,2.8982
2013-09-23,2.8737
2013-09-24,2.8341
2013-09-25,2.7923
2013-09-26,2.7969
2013-09-27,2.7793
2013-09-30,2.7732
2013-10-01,2.7867
2013-10-02,2.7648
2013-10-03,2.7504
2013-10-04,2.7824
2013-10-07,2.7815
2013-10-08,2.7922
2013-10-09,2.7951
2013-10-10,2.8166
2013-10-11,2.8173
2013-10-14,.
2013-10-15,2.8483
2013-10-16,2.8163
2013-10-17,2.7554
2013-10-18,2.7366
2013-10-21,2.7517
2013-10-22,2.6924
2013-10-23,2.6587
2013-10-24,2.6616
2013-10-25,2.6513
2013-10-28,2.6528
2013-10-29,2.6431
2013-10-30,2.6545
2013-10-31,2.6701
2013-11-01,2.7307
2013-11-04,2.7394
2013-11-05,2.7812
2013-11-06,2.7730
2013-11-07,2.7452
2013-11-08,2.8401
2013-11-11,.
2013-11-12,2.8976
2013-11-13,2.8783
2013-11-14,2.8289
2013-11-15,2.8321
2013-11-18,2.8056
2013-11-19,2.8276
2013-11-20,2.8815
2013-11-21,2.8971
2013-11-22,2.8855
2013-11-25,2.8745
2013-11-26,2.8488
2013-11-27,2.8639
2013-11-28,.
2013-11-29,2.8789
2013-12-02,2.9264
2013-12-03,2.9210
2013-12-04,2.9673
2013-12-05,3.0096
2013-12-06,3.0251
2013-12-09,3.0219
2013-12-10,2.9815
2013-12-11,3.0005
2013-12-12,3.0382
2013-12-13,3.0425
2013-12-16,3.0488
2013-12-17,3.0224
2013-12-18,3.0411
2013-12-19,3.0953
2013-12-20,3.0970
2013-12-23,3.1228
2013-12-24,3.1698
2013-12-25,.
2013-12-26,3.1891
2013-12-27,3.1988
2013-12-30,3.1814
2013-12-31,3.2147
2014-01-01,.
2014-01-02,3.1978
2014-01-03,3.2039
2014-01-06,3.1791
2014-01-07,3.1561
2014-01-08,3.1966
2014-01-09,3.1793
2014-01-10,3.0928
2014-01-13,3.0436
2014-01-14,3.0612
2014-01-15,3.0793
2014-01-16,3.0568
2014-01-17,3.0348
2014-01-20,.
2014-01-21,3.0374
2014-01-22,3.0629
2014-01-23,3.0032
2014-01-24,2.9594
2014-01-27,2.9668
2014-01-28,2.9552
2014-01-29,2.9004
2014-01-30,2.9037
2014-01-31,2.8679
2014-02-03,2.8106
2014-02-04,2.8127
2014-02-05,2.8482
2014-02-06,2.8792
2014-02-07,2.8671
2014-02-10,2.8643
2014-02-11,2.9034
2014-02-12,2.9415
2014-02-13,2.9053
2014-02-14,2.9078
2014-02-17,.
2014-02-18,2.8861
2014-02-19,2.9001
2014-02-20,2.9246
2014-02-21,2.9187
2014-02-24,2.9269
2014-02-25,2.8942
2014-02-26,2.8611
2014-02-27,2.8377
2014-02-28,2.8426
2014-03-03,2.8016
2014-03-04,2.8543
2014-03-05,2.8676
2014-03-06,2.9013
2014-03-07,2.9581
2014-03-10,2.9662
2014-03-11,2.9584
2014-03-12,2.9243
2014-03-13,2.8666
2014-03-14,2.8504
2014-03-17,2.8753
2014-03-18,2.8632
2014-03-19,2.9641
2014-03-20,2.9819
2014-03-21,2.9719
2014-03-24,2.9702
2014-03-25,2.9696
2014-03-26,2.9336
2014-03-27,2.9149
2014-03-28,2.9404
2014-03-31,2.9446
2014-04-01,2.9648
2014-04-02,3.0180
2014-04-03,3.0230
2014-04-04,2.9761
2014-04-07,2.9397
2014-04-08,2.9160
2014-04-09,2.9073
2014-04-10,2.8602
2014-04-11,2.8388
2014-04-14,2.8465
2014-04-15,2.8463
2014-04-16,2.8626
2014-04-17,2.9289
2014-04-18,.
2014-04-21,2.9417
2014-04-22,2.9505
2014-04-23,2.9300
2014-04-24,2.9298
2014-04-25,2.9179
2014-04-28,2.9231
2014-04-29,2.9261
2014-04-30,2.8956
2014-05-01,2.8577
2014-05-02,2.8404
2014-05-05,2.8443
2014-05-06,2.8327
2014-05-07,2.8171
2014-05-08,2.8016
2014-05-09,2.8044
2014-05-12,2.8313
2014-05-13,2.8069
2014-05-14,2.7518
2014-05-15,2.7085
2014-05-16,2.7087
2014-05-19,2.7157
2014-05-20,2.6994
2014-05-21,2.7149
2014-05-22,2.7346
2014-05-23,2.7268
2014-05-26,.
2014-05-27,2.7178
2014-05-28,2.6615
2014-05-29,2.6539
2014-05-30,2.6698
2014-06-02,2.7161
2014-06-03,2.7711
2014-06-04,2.7976
2014-06-05,2.7923
2014-06-06,2.8056
2014-06-09,2.8255
2014-06-10,2.8478
2014-06-11,2.8501
2014-06-12,2.8102
2014-06-13,2.8189
2014-06-16,2.8225
2014-06-17,2.8613
2014-06-18,2.8341
2014-06-19,2.8340
2014-06-20,2.8327
2014-06-23,2.8326
2014-06-24,2.8091
2014-06-25,2.7827
2014-06-26,2.7496
2014-06-27,2.7421
2014-06-30,2.7324
2014-07-01,2.7596
2014-07-02,2.8083
2014-07-03,2.8415
2014-07-04,.
2014-07-07,2.8370
2014-07-08,2.7990
2014-07-09,2.7775
2014-07-10,2.7538
2014-07-11,2.7339
2014-07-14,2.7496
2014-07-15,2.7622
2014-07-16,2.7636
2014-07-17,2.7061
2014-07-18,2.7149
2014-07-21,2.7113
2014-07-22,2.6975
2014-07-23,2.6877
2014-07-24,2.7242
2014-07-25,2.7036
2014-07-28,2.7185
2014-07-29,2.6979
2014-07-30,2.7578
2014-07-31,2.7762
2014-08-01,2.7301
2014-08-04,2.7118
2014-08-05,2.7050
2014-08-06,2.6981
2014-08-07,2.6572
2014-08-08,2.6572
2014-08-11,2.6560
2014-08-12,2.6648
2014-08-13,2.6393
2014-08-14,2.6169
2014-08-15,2.5766
2014-08-18,2.5932
2014-08-19,2.6063
2014-08-20,2.6371
2014-08-21,2.6318
2014-08-22,2.6366
2014-08-25,2.6287
2014-08-26,2.6220
2014-08-27,2.5986
2014-08-28,2.5709
2014-08-29,2.5687
2014-09-01,.
2014-09-02,2.6185
2014-09-03,2.6276
2014-09-04,2.6560
2014-09-05,2.6645
2014-09-08,2.6851
2014-09-09,2.7114
2014-09-10,2.7418
2014-09-11,2.7555
2014-09-12,2.8064
2014-09-15,2.8063
2014-09-16,2.8053
2014-09-17,2.8308
2014-09-18,2.8563
2014-09-19,2.8375
2014-09-22,2.8100
2014-09-23,2.7841
2014-09-24,2.8005
2014-09-25,2.7610
2014-09-26,2.7781
2014-09-29,2.7514
2014-09-30,2.7516
2014-10-01,2.6751
2014-10-02,2.6715
2014-10-03,2.6821
2014-10-06,2.6611
2014-10-07,2.6054
2014-10-08,2.5615
2014-10-09,2.5499
2014-10-10,2.5281
2014-10-13,.
2014-10-14,2.4447
2014-10-15,2.3732
2014-10-16,2.3691
2014-10-17,2.4048
2014-10-20,2.3927
2014-10-21,2.4140
2014-10-22,2.4356
2014-10-23,2.4784
2014-10-24,2.4887
2014-10-27,2.4832
2014-10-28,2.5044
2014-10-29,2.5545
2014-10-30,2.5491
2014-10-31,2.5728
2014-11-03,2.5850
2014-11-04,2.5776
2014-11-05,2.5802
2014-11-06,2.6058
2014-11-07,2.5531
2014-11-10,2.5818
2014-11-11,.
2014-11-12,2.5842
2014-11-13,2.5741
2014-11-14,2.5524
2014-11-17,2.5608
2014-11-18,2.5515
2014-11-19,2.5766
2014-11-20,2.5647
2014-11-21,2.5484
2014-11-24,2.5346
2014-11-25,2.5007
2014-11-26,2.4738
2014-11-27,.
2014-11-28,2.4164
2014-12-01,2.4290
2014-12-02,2.4799
2014-12-03,2.4983
2014-12-04,2.4756
2014-12-05,2.5263
2014-12-08,2.5040
2014-12-09,2.4582
2014-12-10,2.4019
2014-12-11,2.4075
2014-12-12,2.3331
2014-12-15,2.3390
2014-12-16,2.2957
2014-12-17,2.3406
2014-12-18,2.4017
2014-12-19,2.3941
2014-12-22,2.3912
2014-12-23,2.4493
2014-12-24,2.4685
2014-12-25,.
2014-12-26,2.4644
2014-12-29,2.4324
2014-12-30,2.4049
2014-12-31,2.3797
2015-01-01,.
2015-01-02,2.3364
2015-01-05,2.2721
2015-01-06,2.1988
2015-01-07,2.1651
2015-01-08,2.1873
2015-01-09,2.1583
2015-01-12,2.1064
2015-01-13,2.0839
2015-01-14,2.0424
2015-01-15,1.9613
2015-01-16,1.9958
2015-01-19,.
2015-01-20,2.0084
2015-01-21,2.0439
2015-01-22,2.0727
2015-01-23,2.0264
2015-01-26,2.0308
2015-01-27,2.0234
2015-01-28,1.9490
2015-01-29,1.9639
2015-01-30,1.8993
2015-02-02,1.8875
2015-02-03,1.9546
2015-02-04,1.9770
2015-02-05,1.9981
2015-02-06,2.1133
2015-02-09,2.1424
2015-02-10,2.1783
2015-02-11,2.1924
2015-02-12,2.1838
2015-02-13,2.2106
2015-02-16,.
2015-02-17,2.3034
2015-02-18,2.2683
2015-02-19,2.3038
2015-02-20,2.3305
2015-02-23,2.2925
2015-02-24,2.2261
2015-02-25,2.1947
2015-02-26,2.2335
2015-02-27,2.2179
2015-03-02,2.2676
2015-03-03,2.3110
2015-03-04,2.3168
2015-03-05,2.3038
2015-03-06,2.4034
2015-03-09,2.3944
2015-03-10,2.3534
2015-03-11,2.3271
2015-03-12,2.3073
2015-03-13,2.3159
2015-03-16,2.3002
2015-03-17,2.2725
2015-03-18,2.1569
2015-03-19,2.1728
2015-03-20,2.1312
2015-03-23,2.1076
2015-03-24,2.0722
2015-03-25,2.0952
2015-03-26,2.1586
2015-03-27,2.1324
2015-03-30,2.1323
2015-03-31,2.1092
2015-04-01,2.0603
2015-04-02,2.0743
2015-04-03,2.0194
2015-04-06,2.0553
2015-04-07,2.0597
2015-04-08,2.0759
2015-04-09,2.1204
2015-04-10,2.1328
2015-04-13,2.1223
2015-04-14,2.0905
2015-04-15,2.0773
2015-04-16,2.0626
2015-04-17,2.0494
2015-04-20,2.0630
2015-04-21,2.0827
2015-04-22,2.1395
2015-04-23,2.1247
2015-04-24,2.1033
2015-04-27,2.1042
2015-04-28,2.1460
2015-04-29,2.1983
2015-04-30,2.2117
2015-05-01,2.2751
2015-05-04,2.3113
2015-05-05,2.3444
2015-05-06,2.3945
2015-05-07,2.3711
2015-05-08,2.3380
2015-05-11,2.4139
2015-05-12,2.4329
2015-05-13,2.4461
2015-05-14,2.4160
2015-05-15,2.3612
2015-05-18,2.4065
2015-05-19,2.4574
2015-05-20,2.4509
2015-05-21,2.4034
2015-05-22,2.4214
2015-05-25,.
2015-05-26,2.3729
2015-05-27,2.3560
2015-05-28,2.3390
2015-05-29,2.3200
2015-06-01,2.3634
2015-06-02,2.4287
2015-06-03,2.5253
2015-06-04,2.5064
2015-06-05,2.5811
2015-06-08,2.5830
2015-06-09,2.6074
2015-06-10,2.6640
2015-06-11,2.6151
2015-06-12,2.6058
2015-06-15,2.5740
2015-06-16,2.5369
2015-06-17,2.5080
2015-06-18,2.5216
2015-06-19,2.4681
2015-06-22,2.5331
2015-06-23,2.5801
2015-06-24,2.5741
2015-06-25,2.5848
2015-06-26,2.6454
2015-06-29,2.5526
2015-06-30,2.5413
2015-07-01,2.5990
2015-07-02,2.5778
2015-07-03,.
2015-07-06,2.5061
2015-07-07,2.4697
2015-07-08,2.4180
2015-07-09,2.4741
2015-07-10,2.5685
2015-07-13,2.6077
2015-07-14,2.5890
2015-07-15,2.5471
2015-07-16,2.5456
2015-07-17,2.5453
2015-07-20,2.5637
2015-07-21,2.5395
2015-07-22,2.5206
2015-07-23,2.4716
2015-07-24,2.4517
2015-07-27,2.4073
2015-07-28,2.4157
2015-07-29,2.4383
2015-07-30,2.4404
2015-07-31,2.3823
2015-08-03,2.3375
2015-08-04,2.3797
2015-08-05,2.4203
2015-08-06,2.3989
2015-08-07,2.3634
2015-08-10,2.3833
2015-08-11,2.3197
2015-08-12,2.3006
2015-08-13,2.3376
2015-08-14,2.3582
2015-08-17,2.3366
2015-08-18,2.3559
2015-08-19,2.2909
2015-08-20,2.2643
2015-08-21,2.2204
2015-08-24,2.1779
2015-08-25,2.2522
2015-08-26,2.3079
2015-08-27,2.3280
2015-08-28,2.3481
2015-08-31,2.3668
2015-09-01,2.3356
2015-09-02,2.3476
2015-09-03,2.3326
2015-09-04,2.3004
2015-09-07,.
2015-09-08,2.3370
2015-09-09,2.3408
2015-09-10,2.3587
2015-09-11,2.3393
2015-09-14,2.3283
2015-09-15,2.4008
2015-09-16,2.4282
2015-09-17,2.3544
2015-09-18,2.2918
2015-09-21,2.3279
2015-09-22,2.2883
2015-09-23,2.2910
2015-09-24,2.2717
2015-09-25,2.2941
2015-09-28,2.2509
2015-09-29,2.1969
2015-09-30,2.1871
2015-10-01,2.1811
2015-10-02,2.1258
2015-10-05,2.1649
2015-10-06,2.1654
2015-10-07,2.1863
2015-10-08,2.2192
2015-10-09,2.2353
2015-10-12,.
2015-10-13,2.1938
2015-10-14,2.1283
2015-10-15,2.1521
2015-10-16,2.1655
2015-10-19,2.1696
2015-10-20,2.2053
2015-10-21,2.1869
2015-10-22,2.1787
2015-10-23,2.2226
2015-10-26,2.2154
2015-10-27,2.1925
2015-10-28,2.2422
2015-10-29,2.3052
2015-10-30,2.3084
2015-11-02,2.3397
2015-11-03,2.3703
2015-11-04,2.3985
2015-11-05,2.4090
2015-11-06,2.4785
2015-11-09,2.5075
2015-11-10,2.4946
2015-11-11,.
2015-11-12,2.4979
2015-11-13,2.4643
2015-11-16,2.4453
2015-11-17,2.4303
2015-11-18,2.4430
2015-11-19,2.4287
2015-11-20,2.4363
2015-11-23,2.4264
2015-11-24,2.4064
2015-11-25,2.3991
2015-11-26,.
2015-11-27,2.3838
2015-11-30,2.3783
2015-12-01,2.3268
2015-12-02,2.3369
2015-12-03,2.4358
2015-12-04,2.4317
2015-12-07,2.3993
2015-12-08,2.3908
2015-12-09,2.3644
2015-12-10,2.3802
2015-12-11,2.2991
2015-12-14,2.3573
2015-12-15,2.4019
2015-12-16,2.4436
2015-12-17,2.4114
2015-12-18,2.3658
2015-12-21,2.3522
2015-12-22,2.3782
2015-12-23,2.4066
2015-12-24,2.4030
2015-12-25,.
2015-12-28,2.3951
2015-12-29,2.4474
2015-12-30,2.4537
2015-12-31,2.4315
2016-01-01,.
2016-01-04,2.4011
2016-01-05,2.3952
2016-01-06,2.3359
2016-01-07,2.2943
2016-01-08,2.2606
2016-01-11,2.2707
2016-01-12,2.2381
2016-01-13,2.1966
2016-01-14,2.2022
2016-01-15,2.1550
2016-01-18,.
2016-01-19,2.1659
2016-01-20,2.1300
2016-01-21,2.1317
2016-01-22,2.1678
2016-01-25,2.1516
2016-01-26,2.1339
2016-01-27,2.1282
2016-01-28,2.1115
2016-01-29,2.0602
2016-02-01,2.0829
2016-02-02,2.0084
2016-02-03,1.9926
2016-02-04,1.9812
2016-02-05,1.9734
2016-02-08,1.8923
2016-02-09,1.8683
2016-02-10,1.8490
2016-02-11,1.7901
2016-02-12,1.8539
2016-02-15,.
2016-02-16,1.8915
2016-02-17,1.9273
2016-02-18,1.8926
2016-02-19,1.8973
2016-02-22,1.9042
2016-02-23,1.8846
2016-02-24,1.8822
2016-02-25,1.8447
2016-02-26,1.8894
2016-02-29,1.8830
2016-03-01,1.9515
2016-03-02,1.9833
2016-03-03,1.9770
2016-03-04,2.0187
2016-03-07,2.0496
2016-03-08,1.9945
2016-03-09,2.0187
2016-03-10,2.0606
2016-03-11,2.1018
2016-03-14,2.1042
2016-03-15,2.1051
2016-03-16,2.0597
2016-03-17,2.0334
2016-03-18,2.0030
2016-03-21,2.0296
2016-03-22,2.0586
2016-03-23,2.0172
2016-03-24,2.0265
2016-03-25,.
2016-03-28,2.0132
2016-03-29,1.9426
2016-03-30,1.9310
2016-03-31,1.8917
2016-04-01,1.8987
2016-04-04,1.8818
2016-04-05,1.8408
2016-04-06,1.8535
2016-04-07,1.8069
2016-04-08,1.8081
2016-04-11,1.8143
2016-04-12,1.8592
2016-04-13,1.8612
2016-04-14,1.8836
2016-04-15,1.8596
2016-04-18,1.8684
2016-04-19,1.8881
2016-04-20,1.9380
2016-04-21,1.9659
2016-04-22,1.9900
2016-04-25,2.0088
2016-04-26,2.0372
2016-04-27,1.9929
2016-04-28,1.9479
2016-04-29,1.9340
2016-05-02,1.9672
2016-05-03,1.9231
2016-05-04,1.8984
2016-05-05,1.8658
2016-05-06,1.8802
2016-05-09,1.8622
2016-05-10,1.8597
2016-05-11,1.8489
2016-05-12,1.8685
2016-05-13,1.8440
2016-05-16,1.8703
2016-05-17,1.8841
2016-05-18,1.9730
2016-05-19,1.9738
2016-05-20,1.9684
2016-05-23,1.9613
2016-05-24,1.9791
2016-05-25,1.9875
2016-05-26,1.9569
2016-05-27,1.9720
2016-05-30,.
2016-05-31,1.9619
2016-06-01,1.9675
2016-06-02,1.9382
2016-06-03,1.8404
2016-06-06,1.8358
2016-06-07,1.8230
2016-06-08,1.8119
2016-06-09,1.7934
2016-06-10,1.7550
2016-06-13,1.7259
2016-06-14,1.7210
2016-06-15,1.6928
2016-06-16,1.6776
2016-06-17,1.7020
2016-06-20,1.7434
2016-06-21,1.7803
2016-06-22,1.7773
2016-06-23,1.8217
2016-06-24,1.7007
2016-06-27,1.5984
2016-06-28,1.5694
2016-06-29,1.5898
2016-06-30,1.5812
2016-07-01,1.5687
2016-07-04,.
2016-07-05,1.5031
2016-07-06,1.4929
2016-07-07,1.4955
2016-07-08,1.4786
2016-07-11,1.5198
2016-07-12,1.5892
2016-07-13,1.5799
2016-07-14,1.6104
2016-07-15,1.6655
2016-07-18,1.6713
2016-07-19,1.6557
2016-07-20,1.6768
2016-07-21,1.6589
2016-07-22,1.6694
2016-07-25,1.6782
2016-07-26,1.6750
2016-07-27,1.6350
2016-07-28,1.6178
2016-07-29,1.5662
2016-08-01,1.5861
2016-08-02,1.6123
2016-08-03,1.6167
2016-08-04,1.5930
2016-08-05,1.6595
2016-08-08,1.6772
2016-08-09,1.6499
2016-08-10,1.6156
2016-08-11,1.6630
2016-08-12,1.6324
2016-08-15,1.6517
2016-08-16,1.6748
2016-08-17,1.6671
2016-08-18,1.6420
2016-08-19,1.6793
2016-08-22,1.6626
2016-08-23,1.6571
2016-08-24,1.6555
2016-08-25,1.6717
2016-08-26,1.7196
2016-08-29,1.6878
2016-08-30,1.6821
2016-08-31,1.6864
2016-09-01,1.6812
2016-09-02,1.6991
2016-09-05,.
2016-09-06,1.6567
2016-09-07,1.6421
2016-09-08,1.6942
2016-09-09,1.7475
2016-09-12,1.7540
2016-09-13,1.8023
2016-09-14,1.7872
2016-09-15,1.7879
2016-09-16,1.7922
2016-09-19,1.7956
2016-09-20,1.7899
2016-09-21,1.7711
2016-09-22,1.7427
2016-09-23,1.7239
2016-09-26,1.6957
2016-09-27,1.6683
2016-09-28,1.6663
2016-09-29,1.6545
2016-09-30,1.6786
2016-10-03,1.7086
2016-10-04,1.7545
2016-10-05,1.7918
2016-10-06,1.8273
2016-10-07,1.8199
2016-10-10,.
2016-10-11,1.8485
2016-10-12,1.8637
2016-10-13,1.8410
2016-10-14,1.8617
2016-10-17,1.8506
2016-10-18,1.8372
2016-10-19,1.8393
2016-10-20,1.8433
2016-10-21,1.8360
2016-10-24,1.8512
2016-10-25,1.8531
2016-10-26,1.8740
2016-10-27,1.9168
2016-10-28,1.9281
2016-10-31,1.9242
2016-11-01,1.9170
2016-11-02,1.8934
2016-11-03,1.8979
2016-11-04,1.8776
2016-11-07,1.9120
2016-11-08,1.9592
2016-11-09,2.1117
2016-11-10,2.2155
2016-11-11,.
2016-11-14,2.3197
2016-11-15,2.3614
2016-11-16,2.3719
2016-11-17,2.4221
2016-11-18,2.4800
2016-11-21,2.4898
2016-11-22,2.4845
2016-11-23,2.5223
2016-11-24,.
2016-11-25,2.5325
2016-11-28,2.5056
2016-11-29,2.4865
2016-11-30,2.5268
2016-12-01,2.5949
2016-12-02,2.5755
2016-12-05,2.5690
2016-12-06,2.5658
2016-12-07,2.5326
2016-12-08,2.5624
2016-12-09,2.6207
2016-12-12,2.6394
2016-12-13,2.6491
2016-12-14,2.7106
2016-12-15,2.7687
2016-12-16,2.7770
2016-12-19,2.7377
2016-12-20,2.7476
2016-12-21,2.7347
2016-12-22,2.7378
2016-12-23,2.7361
2016-12-26,.
2016-12-27,2.7532
2016-12-28,2.7147
2016-12-29,2.6740
2016-12-30,2.6404
2017-01-02,.
2017-01-03,2.6300
2017-01-04,2.6275
2017-01-05,2.5619
2017-01-06,2.5835
2017-01-09,2.5535
2017-01-10,2.5453
2017-01-11,2.5375
2017-01-12,2.5229
2017-01-13,2.5457
2017-01-16,.
2017-01-17,2.4988
2017-01-18,2.5586
2017-01-19,2.6071
2017-01-20,2.6176
2017-01-23,2.5658
2017-01-24,2.6073
2017-01-25,2.6588
2017-01-26,2.6596
2017-01-27,2.6493
2017-01-30,2.6466
2017-01-31,2.6175
2017-02-01,2.6315
2017-02-02,2.6265
2017-02-03,2.6329
2017-02-06,2.5797
2017-02-07,2.5513
2017-02-08,2.5141
2017-02-09,2.5526
2017-02-10,2.5688
2017-02-13,2.5874
2017-02-14,2.6318
2017-02-15,2.6664
2017-02-16,2.6271
2017-02-17,2.5965
2017-02-20,.
2017-02-21,2.5923
2017-02-22,2.5835
2017-02-23,2.5503
2017-02-24,2.4903
2017-02-27,2.5206
2017-02-28,2.5303
2017-03-01,2.6057
2017-03-02,2.6479
2017-03-03,2.6482
2017-03-06,2.6505
2017-03-07,2.6542
2017-03-08,2.7013
2017-03-09,2.7451
2017-03-10,2.7414
2017-03-13,2.7666
2017-03-14,2.7605
2017-03-15,2.6824
2017-03-16,2.6830
2017-03-17,2.6639
2017-03-20,2.6348
2017-03-21,2.5968
2017-03-22,2.5710
2017-03-23,2.5688
2017-03-24,2.5607
2017-03-27,2.5459
2017-03-28,2.5744
2017-03-29,2.5508
2017-03-30,2.5703
2017-03-31,2.5561
2017-04-03,2.5123
2017-04-04,2.5051
2017-04-05,2.4832
2017-04-06,2.4837
2017-04-07,2.5185
2017-04-10,2.5118
2017-04-11,2.4592
2017-04-12,2.4302
2017-04-13,2.3876
2017-04-14,.
2017-04-17,2.3933
2017-04-18,2.3323
2017-04-19,2.3426
2017-04-20,2.3683
2017-04-21,2.3679
2017-04-24,2.4022
2017-04-25,2.4566
2017-04-26,2.4476
2017-04-27,2.4294
2017-04-28,2.4233
2017-05-01,2.4431
2017-05-02,2.4222
2017-05-03,2.4507
2017-05-04,2.4781
2017-05-05,2.4823
2017-05-08,2.5044
2017-05-09,2.5321
2017-05-10,2.5398
2017-05-11,2.5299
2017-05-12,2.4763
2017-05-15,2.4737
2017-05-16,2.4639
2017-05-17,2.3861
2017-05-18,2.3749
2017-05-19,2.3737
2017-05-22,2.3806
2017-05-23,2.4093
2017-05-24,2.3898
2017-05-25,2.3795
2017-05-26,2.3776
2017-05-29,.
2017-05-30,2.3493
2017-05-31,2.3387
2017-06-01,2.3389
2017-06-02,2.2941
2017-06-05,2.3002
2017-06-06,2.2725
2017-06-07,2.2877
2017-06-08,2.2995
2017-06-09,2.3143
2017-06-12,2.3175
2017-06-13,2.3192
2017-06-14,2.2753
2017-06-15,2.2728
2017-06-16,2.2607
2017-06-19,2.2891
2017-06-20,2.2702
2017-06-21,2.2683
2017-06-22,2.2561
2017-06-23,2.2524
2017-06-26,2.2470
2017-06-27,2.2932
2017-06-28,2.3090
2017-06-29,2.3527
2017-06-30,2.3929
2017-07-03,2.4411
2017-07-04,.
2017-07-05,2.4423
2017-07-06,2.4692
2017-07-07,2.4934
2017-07-10,2.4880
2017-07-11,2.4803
2017-07-12,2.4474
2017-07-13,2.4576
2017-07-14,2.4424
2017-07-17,2.4281
2017-07-18,2.3974
2017-07-19,2.3919
2017-07-20,2.3848
2017-07-21,2.3656
2017-07-24,2.3741
2017-07-25,2.4312
2017-07-26,2.4067
2017-07-27,2.4190
2017-07-28,2.4130
2017-07-31,2.4144
2017-08-01,2.3889
2017-08-02,2.3875
2017-08-03,2.3611
2017-08-04,2.3780
2017-08-07,2.3763
2017-08-08,2.3925
2017-08-09,2.3657
2017-08-10,2.3352
2017-08-11,2.3070
2017-08-14,2.3280
2017-08-15,2.3675
2017-08-16,2.3473
2017-08-17,2.3159
2017-08-18,2.3111
2017-08-21,2.3021
2017-08-22,2.3231
2017-08-23,2.2953
2017-08-24,2.3039
2017-08-25,2.2919
2017-08-28,2.2752
2017-08-29,2.2469
2017-08-30,2.2490
2017-08-31,2.2299
2017-09-01,2.2526
2017-09-04,.
2017-09-05,2.1927
2017-09-06,2.2008
2017-09-07,2.1593
2017-09-08,2.1548
2017-09-11,2.2124
2017-09-12,2.2510
2017-09-13,2.2807
2017-09-14,2.2934
2017-09-15,2.3067
2017-09-18,2.3282
2017-09-19,2.3392
2017-09-20,2.3754
2017-09-21,2.3767
2017-09-22,2.3681
2017-09-25,2.3335
2017-09-26,2.3395
2017-09-27,2.3834
2017-09-28,2.3906
2017-09-29,2.4149
2017-10-02,2.4292
2017-10-03,2.4220
2017-10-04,2.4206
2017-10-05,2.4353
2017-10-06,2.4559
2017-10-09,.
2017-10-10,2.4425
2017-10-11,2.4359
2017-10-12,2.4239
2017-10-13,2.3875
2017-10-16,2.3982
2017-10-17,2.3995
2017-10-18,2.4242
2017-10-19,2.4198
2017-10-20,2.4581
2017-10-23,2.4560
2017-10-24,2.4879
2017-10-25,2.5098
2017-10-26,2.5321
2017-10-27,2.5113
2017-10-30,2.4723
2017-10-31,2.4704
2017-11-01,2.4648
2017-11-02,2.4472
2017-11-03,2.4320
2017-11-06,2.4135
2017-11-07,2.4033
2017-11-08,2.4113
2017-11-09,2.4140
2017-11-10,2.4656
2017-11-13,2.4867
2017-11-14,2.4790
2017-11-15,2.4438
2017-11-16,2.4599
2017-11-17,2.4498
2017-11-20,2.4661
2017-11-21,2.4683
2017-11-22,2.4330
2017-11-23,.
2017-11-24,2.4363
2017-11-27,2.4233
2017-11-28,2.4286
2017-11-29,2.4538
2017-11-30,2.4944
2017-12-01,2.4760
2017-12-04,2.4806
2017-12-05,2.4712
2017-12-06,2.4377
2017-12-07,2.4533
2017-12-08,2.4620
2017-12-11,2.4731
2017-12-12,2.4856
2017-12-13,2.4494
2017-12-14,2.4458
2017-12-15,2.4482
2017-12-18,2.4667
2017-12-19,2.5203
2017-12-20,2.5585
2017-12-21,2.5689
2017-12-22,2.5739
2017-12-25,.
2017-12-26,2.5651
2017-12-27,2.5243
2017-12-28,2.5247
2017-12-29,2.5058
2018-01-01,.
2018-01-02,2.5369
2018-01-03,2.5346
2018-01-04,2.5444
2018-01-05,2.5573
2018-01-08,2.5667
2018-01-09,2.6077
2018-01-10,2.6191
2018-01-11,2.6198
2018-01-12,2.6345
2018-01-15,.
2018-01-16,2.6360
2018-01-17,2.6558
2018-01-18,2.6922
2018-01-19,2.7168
2018-01-22,2.7363
2018-01-23,2.7140
2018-01-24,2.7250
2018-01-25,2.7117
2018-01-26,2.7391
2018-01-29,2.7666
2018-01-30,2.7905
2018-01-31,2.8013
2018-02-01,2.8462
2018-02-02,2.8930
2018-02-05,2.8546
2018-02-06,2.8637
2018-02-07,2.9111
2018-02-08,2.9280
2018-02-09,2.9109
2018-02-12,2.9433
2018-02-13,2.9316
2018-02-14,3.0014
2018-02-15,3.0081
2018-02-16,2.9918
2018-02-19,.
2018-02-20,2.9938
2018-02-21,3.0267
2018-02-22,3.0192
2018-02-23,2.9868
2018-02-26,2.9626
2018-02-27,2.9935
2018-02-28,2.9805
2018-03-01,2.9294
2018-03-02,2.9542
2018-03-05,2.9714
2018-03-06,2.9761
2018-03-07,2.9798
2018-03-08,2.9630
2018-03-09,2.9792
2018-03-12,2.9644
2018-03-13,2.9406
2018-03-14,2.9178
2018-03-15,2.9150
2018-03-16,2.9321
2018-03-19,2.9374
2018-03-20,2.9636
2018-03-21,2.9710
2018-03-22,2.9282
2018-03-23,2.9067
2018-03-26,2.9270
2018-03-27,2.8754
2018-03-28,2.8666
2018-03-29,2.8371
2018-03-30,.
2018-04-02,2.8208
2018-04-03,2.8547
2018-04-04,2.8672
2018-04-05,2.8933
2018-04-06,2.8554
2018-04-09,2.8561
2018-04-10,2.8691
2018-04-11,2.8597
2018-04-12,2.8960
2018-04-13,2.8996
2018-04-16,2.9050
2018-04-17,2.8952
2018-04-18,2.9293
2018-04-19,2.9696
2018-04-20,3.0100
2018-04-23,3.0401
2018-04-24,3.0537
2018-04-25,3.0791
2018-04-26,3.0691
2018-04-27,3.0435
2018-04-30,3.0297
2018-05-01,3.0378
2018-05-02,3.0338
2018-05-03,3.0147
2018-05-04,3.0202
2018-05-07,3.0236
2018-05-08,3.0407
2018-05-09,3.0665
2018-05-10,3.0597
2018-05-11,3.0565
2018-05-14,3.0698
2018-05-15,3.1299
2018-05-16,3.1566
2018-05-17,3.1737
2018-05-18,3.1459
2018-05-21,3.1411
2018-05-22,3.1404
2018-05-23,3.0944
2018-05-24,3.0637
2018-05-25,3.0227
2018-05-28,.
2018-05-29,2.8845
2018-05-30,2.9142
2018-05-31,2.9142
2018-06-01,2.9614
2018-06-04,3.0033
2018-06-05,2.9913
2018-06-06,3.0331
2018-06-07,3.0097
2018-06-08,3.0047
2018-06-11,3.0223
2018-06-12,3.0357
2018-06-13,3.0591
2018-06-14,3.0325
2018-06-15,3.0178
2018-06-18,3.0107
2018-06-19,2.9810
2018-06-20,2.9997
2018-06-21,2.9826
2018-06-22,2.9794
2018-06-25,2.9582
2018-06-26,2.9544
2018-06-27,2.9183
2018-06-28,2.9203
2018-06-29,2.9252
2018-07-02,2.9396
2018-07-03,2.9148
2018-07-04,.
2018-07-05,2.9117
2018-07-06,2.8962
2018-07-09,2.9196
2018-07-10,2.9339
2018-07-11,2.9180
2018-07-12,2.9185
2018-07-13,2.9007
2018-07-16,2.9102
2018-07-17,2.9207
2018-07-18,2.9269
2018-07-19,2.9055
2018-07-20,2.9327
2018-07-23,2.9929
2018-07-24,2.9995
2018-07-25,2.9953
2018-07-26,3.0305
2018-07-27,3.0223
2018-07-30,3.0300
2018-07-31,3.0166
2018-08-01,3.0433
2018-08-02,3.0357
2018-08-03,3.0092
2018-08-06,2.9936
2018-08-07,3.0154
2018-08-08,3.0179
2018-08-09,2.9922
2018-08-10,2.9420
2018-08-13,2.9303
2018-08-14,2.9413
2018-08-15,2.9163
2018-08-16,2.9198
2018-08-17,2.9181
2018-08-20,2.8832
2018-08-21,2.8907
2018-08-22,2.8743
2018-08-23,2.8707
2018-08-24,2.8742
2018-08-27,2.8919
2018-08-28,2.9211
2018-08-29,2.9322
2018-08-30,2.9105
2018-08-31,2.9046
2018-09-03,.
2018-09-04,2.9339
2018-09-05,2.9396
2018-09-06,2.9280
2018-09-07,2.9759
2018-09-10,2.9819
2018-09-11,3.0149
2018-09-12,3.0128
2018-09-13,3.0128
2018-09-14,3.0337
2018-09-17,3.0356
2018-09-18,3.0756
2018-09-19,3.1033
2018-09-20,3.1087
2018-09-21,3.1075
2018-09-24,3.1148
2018-09-25,3.1299
2018-09-26,3.1097
2018-09-27,3.1023
2018-09-28,3.0942
2018-10-01,3.1147
2018-10-02,3.0989
2018-10-03,3.1600
2018-10-04,3.2088
2018-10-05,3.2492
2018-10-08,.
2018-10-09,3.2445
2018-10-10,3.2476
2018-10-11,3.2016
2018-10-12,3.1923
2018-10-15,3.1996
2018-10-16,3.1988
2018-10-17,3.2205
2018-10-18,3.2132
2018-10-19,3.2348
2018-10-22,3.2355
2018-10-23,3.2138
2018-10-24,3.1529
2018-10-25,3.1694
2018-10-26,3.1259
2018-10-29,3.1178
2018-10-30,3.1425
2018-10-31,3.1777
2018-11-01,3.1733
2018-11-02,3.2314
2018-11-05,3.2344
2018-11-06,3.2490
2018-11-07,3.2590
2018-11-08,3.2755
2018-11-09,3.2440
2018-11-12,.
2018-11-13,3.1926
2018-11-14,3.1611
2018-11-15,3.1439
2018-11-16,3.1142
2018-11-19,3.0947
2018-11-20,3.0939
2018-11-21,3.1022
2018-11-22,.
2018-11-23,3.0931
2018-11-26,3.1070
2018-11-27,3.1028
2018-11-28,3.0862
2018-11-29,3.0730
2018-11-30,3.0525
2018-12-03,3.0359
2018-12-04,2.9759
2018-12-05,.
2018-12-06,2.9275
2018-12-07,2.8881
2018-12-10,2.8769
2018-12-11,2.9078
2018-12-12,2.9255
2018-12-13,2.9196
2018-12-14,2.9056
2018-12-17,2.8758
2018-12-18,2.8462
2018-12-19,2.8080
2018-12-20,2.8187
2018-12-21,2.8167
2018-12-24,2.7790
2018-12-25,.
2018-12-26,2.8275
2018-12-27,2.8024
2018-12-28,2.7661
2018-12-31,2.7356
2019-01-01,.
2019-01-02,2.7044
2019-01-03,2.6134
2019-01-04,2.6800
2019-01-07,2.7222
2019-01-08,2.7546
2019-01-09,2.7619
2019-01-10,2.7637
2019-01-11,2.7425
2019-01-14,2.7404
2019-01-15,2.7455
2019-01-16,2.7565
2019-01-17,2.7820
2019-01-18,2.8163
2019-01-21,.
2019-01-22,2.7879
2019-01-23,2.7903
2019-01-24,2.7621
2019-01-25,2.7828
2019-01-28,2.7807
2019-01-29,2.7530
2019-01-30,2.7243
2019-01-31,2.6665
2019-02-01,2.7114
2019-02-04,2.7465
2019-02-05,2.7405
2019-02-06,2.7319
2019-02-07,2.6957
2019-02-08,2.6761
2019-02-11,2.6919
2019-02-12,2.7143
2019-02-13,2.7432
2019-02-14,2.7117
2019-02-15,2.7101
2019-02-18,.
2019-02-19,2.6967
2019-02-20,2.6917
2019-02-21,2.7190
2019-02-22,2.7000
2019-02-25,2.7075
2019-02-26,2.6864
2019-02-27,2.7189
2019-02-28,2.7555
2019-03-01,2.7928
2019-03-04,2.7752
2019-03-05,2.7676
2019-03-06,2.7381
2019-03-07,2.6931
2019-03-08,2.6681
2019-03-11,2.6758
2019-03-12,2.6530
2019-03-13,2.6507
2019-03-14,2.6649
2019-03-15,2.6423
2019-03-18,2.6475
2019-03-19,2.6550
2019-03-20,2.6031
2019-03-21,2.5918
2019-03-22,2.5157
2019-03-25,2.4824
2019-03-26,2.4611
2019-03-27,2.4454
2019-03-28,2.4541
2019-03-29,2.4704
2019-04-01,2.5360
2019-04-02,2.5365
2019-04-03,2.5676
2019-04-04,2.5703
2019-04-05,2.5659
2019-04-08,2.5774
2019-04-09,2.5653
2019-04-10,2.5392
2019-04-11,2.5575
2019-04-12,2.6070
2019-04-15,2.6097
2019-04-16,2.6402
2019-04-17,2.6475
2019-04-18,2.6286
2019-04-19,.
2019-04-22,2.6421
2019-04-23,2.6305
2019-04-24,2.5929
2019-04-25,2.5954
2019-04-26,2.5712
2019-04-29,2.5909
2019-04-30,2.5709
2019-05-01,2.5835
2019-05-02,2.6113
2019-05-03,2.6045
2019-05-06,2.5788
2019-05-07,2.5347
2019-05-08,2.5496
2019-05-09,2.5250
2019-05-10,2.5331
2019-05-13,2.4763
2019-05-14,2.4844
2019-05-15,2.4507
2019-05-16,2.4634
2019-05-17,2.4603
2019-05-20,2.4804
2019-05-21,2.5021
2019-05-22,2.4732
2019-05-23,2.4016
2019-05-24,2.3974
2019-05-27,.
2019-05-28,2.3504
2019-05-29,2.3288
2019-05-30,2.3002
2019-05-31,2.2254
2019-06-03,2.1457
2019-06-04,2.1832
2019-06-05,2.1863
2019-06-06,2.2047
2019-06-07,2.1799
2019-06-10,2.2243
2019-06-11,2.2385
2019-06-12,2.2138
2019-06-13,2.1812
2019-06-14,2.1772
2019-06-17,2.1752
2019-06-18,2.1525
2019-06-19,2.1076
2019-06-20,2.0862
2019-06-21,2.1325
2019-06-24,2.1072
2019-06-25,2.0878
2019-06-26,2.1288
2019-06-27,2.1047
2019-06-28,2.0902
2019-07-01,2.1115
2019-07-02,2.0770
2019-07-03,2.0517
2019-07-04,.
2019-07-05,2.1182
2019-07-08,2.1329
2019-07-09,2.1503
2019-07-10,2.1295
2019-07-11,2.1763
2019-07-12,2.1800
2019-07-15,2.1693
2019-07-16,2.1940
2019-07-17,2.1530
2019-07-18,2.1072
2019-07-19,2.1121
2019-07-22,2.1162
2019-07-23,2.1322
2019-07-24,2.1213
2019-07-25,2.1391
2019-07-26,2.1428
2019-07-29,2.1252
2019-07-30,2.1202
2019-07-31,2.1072
2019-08-01,1.9864
2019-08-02,1.9394
2019-08-05,1.8407
2019-08-06,1.8071
2019-08-07,1.7869
2019-08-08,1.7937
2019-08-09,1.8131
2019-08-12,1.7501
2019-08-13,1.7754
2019-08-14,1.7167
2019-08-15,1.6413
2019-08-16,1.6375
2019-08-19,1.6814
2019-08-20,1.6512
2019-08-21,1.6813
2019-08-22,1.7067
2019-08-23,1.6363
2019-08-26,1.6406
2019-08-27,1.6044
2019-08-28,1.5799
2019-08-29,1.5978
2019-08-30,1.5935
2019-09-02,.
2019-09-03,1.5683
2019-09-04,1.5537
2019-09-05,1.6353
2019-09-06,1.6428
2019-09-09,1.6988
2019-09-10,1.7799
2019-09-11,1.8134
2019-09-12,1.8567
2019-09-13,1.9471
2019-09-16,1.9230
2019-09-17,1.8955
2019-09-18,1.8944
2019-09-19,1.8746
2019-09-20,1.8304
2019-09-23,1.8010
2019-09-24,1.7357
2019-09-25,1.7855
2019-09-26,1.7841
2019-09-27,1.7645
2019-09-30,1.7545
2019-10-01,1.7251
2019-10-02,1.6770
2019-10-03,1.6115
2019-10-04,1.5940
2019-10-07,1.6254
2019-10-08,1.6104
2019-10-09,1.6446
2019-10-10,1.7092
2019-10-11,1.8005
2019-10-14,.
2019-10-15,1.8228
2019-10-16,1.8105
2019-10-17,1.8163
2019-10-18,1.8140
2019-10-21,1.8472
2019-10-22,1.8431
2019-10-23,1.8344
2019-10-24,1.8391
2019-10-25,1.8624
2019-10-28,1.9002
2019-10-29,1.9036
2019-10-30,1.8629
2019-10-31,1.7813
2019-11-01,1.7893
2019-11-04,1.8335
2019-11-05,1.8977
2019-11-06,1.8842
2019-11-07,1.9682
2019-11-08,2.0006
2019-11-11,.
2019-11-12,1.9939
2019-11-13,1.9610
2019-11-14,1.9115
2019-11-15,1.9129
2019-11-18,1.8938
2019-11-19,1.8759
2019-11-20,1.8312
2019-11-21,1.8539
2019-11-22,1.8574
2019-11-25,1.8520
2019-11-26,1.8291
2019-11-27,1.8521
2019-11-28,.
2019-11-29,1.8585
2019-12-02,1.8928
2019-12-03,1.8169
2019-12-04,1.8410
2019-12-05,1.8647
2019-12-06,1.9057
2019-12-09,1.9112
2019-12-10,1.9228
2019-12-11,1.8874
2019-12-12,1.9554
2019-12-13,1.9140
2019-12-16,1.9517
2019-12-17,1.9603
2019-12-18,1.9891
2019-12-19,1.9952
2019-12-20,2.0032
2019-12-23,2.0140
2019-12-24,1.9957
2019-12-25,.
2019-12-26,1.9917
2019-12-27,1.9669
2019-12-30,1.9711
2019-12-31,1.9918
2020-01-01,.
2020-01-02,1.9691
2020-01-03,1.9064
2020-01-06,1.8996
2020-01-07,1.9087
2020-01-08,1.9434
2020-01-09,1.9361
2020-01-10,1.9173
2020-01-13,1.9247
2020-01-14,1.9051
2020-01-15,1.8761
2020-01-16,1.8862
2020-01-17,1.9013
2020-01-20,.
2020-01-21,1.8636
2020-01-22,1.8509
2020-01-23,1.8247
2020-01-24,1.7880
2020-01-27,1.7121
2020-01-28,1.7206
2020-01-29,1.6791
2020-01-30,1.6508
2020-01-31,1.5944
2020-02-03,1.6040
2020-02-04,1.6594
2020-02-05,1.7096
2020-02-06,1.7128
2020-02-07,1.6752
2020-02-10,1.6424
2020-02-11,1.6558
2020-02-12,1.6929
2020-02-13,1.6923
2020-02-14,1.6762
2020-02-17,.
2020-02-18,1.6465
2020-02-19,1.6502
2020-02-20,1.6178
2020-02-21,1.5598
2020-02-24,1.4823
2020-02-25,1.4241
2020-02-26,1.4089
2020-02-27,1.3823
2020-02-28,1.2335
2020-03-02,1.2015
2020-03-03,1.1289
2020-03-04,1.1153
2020-03-05,1.0512
2020-03-06,0.9462
2020-03-09,0.8090
2020-03-10,0.9451
2020-03-11,0.9786
2020-03-12,1.0213
2020-03-13,1.0764
2020-03-16,0.9250
2020-03-17,1.0855
2020-03-18,1.2537
2020-03-19,1.2490
2020-03-20,1.1184
2020-03-23,0.9478
2020-03-24,0.9818
2020-03-25,0.9875
2020-03-26,0.9537
2020-03-27,0.8713
2020-03-30,0.8369
2020-03-31,0.8251
2020-04-01,0.7769
2020-04-02,0.7750
2020-04-03,0.7711
2020-04-06,0.8078
2020-04-07,0.8541
2020-04-08,0.8746
2020-04-09,0.8474
2020-04-10,.
2020-04-13,0.8682
2020-04-14,0.8649
2020-04-15,0.7848
2020-04-16,0.7604
2020-04-17,0.7774
2020-04-20,0.7619
2020-04-21,0.7327
2020-04-22,0.7523
2020-04-23,0.7479
2020-04-24,0.7417
2020-04-27,0.7776
2020-04-28,0.7537
2020-04-29,0.7454
2020-04-30,0.7530
2020-05-01,0.7572
2020-05-04,0.7524
2020-05-05,0.7610
2020-05-06,0.7927
2020-05-07,0.7370
2020-05-08,0.7629
2020-05-11,0.7934
2020-05-12,0.7802
2020-05-13,0.7516
2020-05-14,0.7342
2020-05-15,0.7397
2020-05-18,0.7976
2020-05-19,0.7928
2020-05-20,0.7806
2020-05-21,0.7785
2020-05-22,0.7618
2020-05-25,.
2020-05-26,0.7779
2020-05-27,0.7715
2020-05-28,0.7796
2020-05-29,0.7491
2020-06-01,0.7467
2020-06-02,0.7586
2020-06-03,0.8164
2020-06-04,0.8621
2020-06-05,0.9385
2020-06-08,0.9473
2020-06-09,0.9176
2020-06-10,0.8525
2020-06-11,0.7913
2020-06-12,0.7912
2020-06-15,0.7903
2020-06-16,0.8112
2020-06-17,0.8080
2020-06-18,0.7907
2020-06-19,0.7831
2020-06-22,0.7846
2020-06-23,0.7855
2020-06-24,0.7681
2020-06-25,0.7662
2020-06-26,0.7381
2020-06-29,0.7197
2020-06-30,0.7275
2020-07-01,0.7492
2020-07-02,0.7442
2020-07-03,.
2020-07-06,0.7539
2020-07-07,0.7315
2020-07-08,0.7311
2020-07-09,0.7050
2020-07-10,0.7189
2020-07-13,0.7148
2020-07-14,0.7041
2020-07-15,0.7058
2020-07-16,0.6974
2020-07-17,0.7034
2020-07-20,0.7002
2020-07-21,0.6871
2020-07-22,0.6816
2020-07-23,0.6739
2020-07-24,0.6719
2020-07-27,0.6853
2020-07-28,0.6641
2020-07-29,0.6526
2020-07-30,0.6286
2020-07-31,0.6163
2020-08-03,0.6199
2020-08-04,0.5942
2020-08-05,0.6087
2020-08-06,0.6064
2020-08-07,0.6228
2020-08-10,0.6359
2020-08-11,0.6746
2020-08-12,0.7125
2020-08-13,0.7436
2020-08-14,0.7472
2020-08-17,0.7369
2020-08-18,0.7250
2020-08-19,0.7278
2020-08-20,0.7117
2020-08-21,0.7035
2020-08-24,0.7098
2020-08-25,0.7297
2020-08-26,0.7385
2020-08-27,0.7719
2020-08-28,0.7722
2020-08-31,0.7649
2020-09-01,0.7402
2020-09-02,0.7251
2020-09-03,0.6985
2020-09-04,0.7483
2020-09-07,.
2020-09-08,0.7406
2020-09-09,0.7451
2020-09-10,0.7321
2020-09-11,0.7225
2020-09-14,0.7244
2020-09-15,0.7247
2020-09-16,0.7332
2020-09-17,0.7344
2020-09-18,0.7429
2020-09-21,0.7326
2020-09-22,0.7257
2020-09-23,0.7273
2020-09-24,0.7242
2020-09-25,0.7158
2020-09-28,0.7145
2020-09-29,0.7063
2020-09-30,0.7239
2020-10-01,0.7252
2020-10-02,0.7387
2020-10-05,0.7925
2020-10-06,0.7964
2020-10-07,0.8278
2020-10-08,0.8184
2020-10-09,0.8291
2020-10-12,.
2020-10-13,0.8007
2020-10-14,0.7874
2020-10-15,0.7929
2020-10-16,0.8002
2020-10-19,0.8158
2020-10-20,0.8382
2020-10-21,0.8592
2020-10-22,0.8942
2020-10-23,0.8967
2020-10-26,0.8760
2020-10-27,0.8557
2020-10-28,0.8499
2020-10-29,0.8836
2020-10-30,0.9138
2020-11-02,0.9160
2020-11-03,0.9359
2020-11-04,0.8702
2020-11-05,0.8552
2020-11-06,0.8759
2020-11-09,0.9602
2020-11-10,1.0019
2020-11-11,.
2020-11-12,0.9521
2020-11-13,0.9484
2020-11-16,0.9542
2020-11-17,0.9299
2020-11-18,0.9337
2020-11-19,0.9200
2020-11-20,0.9039
2020-11-23,0.9117
2020-11-24,0.9261
2020-11-25,0.9288
2020-11-26,.
2020-11-27,0.9095
2020-11-30,0.9029
2020-12-01,0.9527
2020-12-02,0.9798
2020-12-03,0.9720
2020-12-04,0.9982
2020-12-07,0.9825
2020-12-08,0.9709
2020-12-09,0.9839
2020-12-10,0.9673
2020-12-11,0.9482
2020-12-14,0.9443
2020-12-15,0.9563
2020-12-16,0.9610
2020-12-17,0.9737
2020-12-18,0.9832
2020-12-21,0.9884
2020-12-22,0.9739
2020-12-23,0.9909
2020-12-24,0.9831
2020-12-25,.
2020-12-28,0.9818
2020-12-29,0.9827
2020-12-30,0.9769
2020-12-31,0.9704
2021-01-01,.
2021-01-04,0.9641
2021-01-05,0.9814
2021-01-06,1.0433
2021-01-07,1.0900
2021-01-08,1.1348
2021-01-11,1.1662
2021-01-12,1.1768
2021-01-13,1.1565
2021-01-14,1.1763
2021-01-15,1.1558
2021-01-18,.
2021-01-19,1.1469
2021-01-20,1.1429
2021-01-21,1.1547
2021-01-22,1.1456
2021-01-25,1.1139
2021-01-26,1.1046
2021-01-27,1.0923
2021-01-28,1.1046
2021-01-29,1.1361
2021-02-01,1.1274
2021-02-02,1.1462
2021-02-03,1.1701
2021-02-04,1.1813
2021-02-05,1.2019
2021-02-08,1.2151
2021-02-09,1.2157
2021-02-10,1.1958
2021-02-11,1.1968
2021-02-12,1.2287
2021-02-15,.
2021-02-16,1.3048
2021-02-17,1.3295
2021-02-18,1.3390
2021-02-19,1.3794
2021-02-22,1.4105
2021-02-23,1.4197
2021-02-24,1.4411
2021-02-25,1.5911
2021-02-26,1.5773
2021-03-01,1.5641
2021-03-02,1.5359
2021-03-03,1.5720
2021-03-04,1.6318
2021-03-05,1.6636
2021-03-08,1.7098
2021-03-09,1.6945
2021-03-10,1.6693
2021-03-11,1.6633
2021-03-12,1.7325
2021-03-15,1.7428
2021-03-16,1.7450
2021-03-17,1.7423
2021-03-18,1.8008
2021-03-19,1.8444
2021-03-22,1.8299
2021-03-23,1.7913
2021-03-24,1.7691
2021-03-25,1.7680
2021-03-26,1.7956
2021-03-29,1.8395
2021-03-30,1.8596
2021-03-31,1.8818
2021-04-01,1.8606
2021-04-02,1.8877
2021-04-05,1.8838
2021-04-06,1.8378
2021-04-07,1.8280
2021-04-08,1.7965
2021-04-09,1.8081
2021-04-12,1.8221
2021-04-13,1.7893
2021-04-14,1.7889
2021-04-15,1.7323
2021-04-16,1.7366
2021-04-19,1.7473
2021-04-20,1.7249
2021-04-21,1.7130
2021-04-22,1.7078
2021-04-23,1.7191
2021-04-26,1.7245
2021-04-27,1.7549
2021-04-28,1.7599
2021-04-29,1.7719
2021-04-30,1.7754
2021-05-03,1.7612
2021-05-04,1.7460
2021-05-05,1.7250
2021-05-06,1.7174
2021-05-07,1.7122
2021-05-10,1.7279
2021-05-11,1.7438
2021-05-12,1.7955
2021-05-13,1.7917
2021-05-14,1.7762
2021-05-17,1.7788
2021-05-18,1.7750
2021-05-19,1.8040
2021-05-20,1.7771
2021-05-21,1.7735
2021-05-24,1.7584
2021-05-25,1.7212
2021-05-26,1.7161
2021-05-27,1.7351
2021-05-28,1.7206
2021-05-31,.
2021-06-01,1.7405
2021-06-02,1.7319
2021-06-03,1.7585
2021-06-04,1.7175
2021-06-07,1.7097
2021-06-08,1.6824
2021-06-09,1.6488
2021-06-10,1.6126
2021-06-11,1.6144
2021-06-14,1.6394
2021-06-15,1.6473
2021-06-16,1.7080
2021-06-17,1.6985
2021-06-18,1.6604
2021-06-21,1.6654
2021-06-22,1.6474
2021-06-23,1.6558
2021-06-24,1.6577
2021-06-25,1.6834
2021-06-28,1.6578
2021-06-29,1.6494
2021-06-30,1.6236
2021-07-01,1.6319
2021-07-02,1.6059
2021-07-05,.
2021-07-06,1.5505
2021-07-07,1.5063
2021-07-08,1.4648
2021-07-09,1.4961
2021-07-12,1.5107
2021-07-13,1.5427
2021-07-14,1.5121
2021-07-15,1.4708
2021-07-16,1.4619
2021-07-19,1.3771
2021-07-20,1.3620
2021-07-21,1.4020
2021-07-22,1.3902
2021-07-23,1.4048
2021-07-26,1.4108
2021-07-27,1.3862
2021-07-28,1.3851
2021-07-29,1.3976
2021-07-30,1.3774
